September-Taboola-GoldenHippo-Nucific-QualityScoreNucificBioX4SC-end,392073
September-Taboola-GoldenHippo-LectinShield-QualityScoreLectinShieldSC-end,45350
September-Taboola-GoldenHippo-ActivePK-QualityScoreActivePKSC-end,14151
September-Taboola-DanetteMay-DanetteMay-QualityScoreiRiseOrganicsLLCSC-end,4687
September-Taboola-HealingThroughMovement-HealingThroughMovement-QualityScoreHealingThroughMovementSC-end,482
September-Taboola-Envoy-Envoy-QualityScoreEnvoySC-end,4
September-Bing-GoldenHippo-PrebioThrive-GundryMD-end,26936
September-Bing-GoldenHippo-ActivePK-LiveCellResearch-end,5222
September-Bing-GoldenHippo-Nucific-Nucific-end,5522
September-Bing-GoldenHippo-VitalReds-Vitalreds-end,3166
September-Google-GoldenHippo-Nucific-Nucific-end,611190
September-Google-GoldenHippo-VitalReds-Vitalreds-end,119098
September-Google-GoldenHippo-Nucific-Nucific2-end,43992
September-Google-Envoy-Envoy-DebtReliefCenter.org-end,126
September-Google-CuraLife-CuraLife-CuraLife-end,1426
September-Google-GoldenHippo-PrebioThrive-ShedTheCravings-end,18
September-RevContent-GoldenHippo-LectinShield-LectinShield-end,4104
September-Facebook-GoldenHippo-Nucific-Nucific-end,1391858
September-Facebook-GoldenHippo-TotalRestore-GundryTotalRestore-end,1288313
September-Facebook-GoldenHippo-VitalReds-GundryVitalReds-end,610893
September-Facebook-GoldenHippo-LectinShield-GundryLectinShield-end,412955
September-Facebook-DanetteMay-DanetteMay-QSDanetteMayMain-end,313641
September-Facebook-DHS-YogaBurn-YBQS-end,308950
September-Facebook-GoldenHippo-PrebioThrive-GundryPreBioThrive-end,275178
September-Facebook-DHS-ThinFromWithin-InvestmentsTFW-end,192951
September-Facebook-DanetteMay-CacaoBliss-QSDanetteMayCacaoBliss-end,171672
September-Facebook-GoldenHippo-DarkSpotDiminisher-GundryDarkSpotDiminisher-end,146963
September-Facebook-GoldenHippo-AdvancedDermalRenewal-BHBLADR-end,128575
September-Facebook-GL12-GetLeanin12-GetLeanin12-end,111737
September-Facebook-GoldenHippo-Nucific-Nucific3-end,86606
September-Facebook-HealingThroughMovement-HealingThroughMovement-HealingThroughMovement-end,81321
September-Facebook-DHS-YogaBurnBootyChallenge-YBBCQS-end,81315
September-Facebook-GoldenHippo-VitalReds-GundryVitalRedsLive-end,52904
September-Facebook-Envoy-Envoy-DebtReliefCenter.org-end,45050
September-Facebook-GoldenHippo-FootMedix-Footmedix-end,35791
September-Facebook-GoldenHippo-VitalReds-GundryBIO-end,34284
September-Facebook-DHS-YogaBurn-YBECom-end,11859
September-Facebook-DHS-YogaBurnFree-YBFQS-end,8278
September-Facebook-DHS-MuscleMaximizer-InvestmentsMMII-end,7802
September-Facebook-FlowActive-TheShepherd'sCode-ShepherdsCode-end,7407
September-Facebook-DHS-YogaBurnBootyChallenge-YBBCFQS-end,4359
September-Facebook-CuraLife-CuraLife-CuraLifeQS-end,1588
October-Bing-GoldenHippo-PrebioThrive-PrebioThrive-end,19325
October-Bing-GoldenHippo-ActivePK-LiveCellResearch-end,4829
October-Bing-GoldenHippo-Nucific-Nucific-end,2498
October-Bing-GoldenHippo-VitalReds-Vitalreds-end,1300
October-Google-GoldenHippo-Nucific-Nucific-end,404311
October-Google-GoldenHippo-Vitalreds-Vitalreds-end,75766
October-Google-GoldenHippo-Nucific-Nucific2-end,32635
October-Google-GoldenHippo-PrebioThrive-ShedTheCravings-end,4097
October-Google-IdealLiving-AquaTru-AquaTru-end,1420
October-Google-CuraLife-CuraLife-CuraLife-end,290
October-Facebook-GoldenHippo-TotalRestore-GundryTotalRestore-end,1313797
October-Facebook-GoldenHippo-Nucific-Nucific-end,825864
October-Facebook-GoldenHippo-VitalReds-GundryVitalReds-end,335055
October-Facebook-DanetteMay-DanetteMay-QSDanetteMayMain-end,289009
October-Facebook-GoldenHippo-PrebioThrive-GundryPreBioThrive-end,242191
October-Facebook-GoldenHippo-LectinShield-GundryLectinShield-end,238611
October-Facebook-DHS-YogaBurn-YBQS-end,237794
October-Facebook-GoldenHippo-DarkSpotDiminisher-GundryDarkSpotDiminisher-end,209627
October-Facebook-GoldenHippo-ThinFromWithin-InvestmentsTFW-end,154541
October-Facebook-GoldenHippo-AdvancedDermalRenewal-BHBLADR-end,99947
October-Facebook-Envoy-Envoy-DebtReliefCenter.org-end,70024
October-Facebook-DanetteMay-CacaoBliss-QSDanetteMayCacaoBliss-end,67846
October-Facebook-DHS-YogaBurnBootyChallenge-YBBCQS-end,51834
October-Facebook-HealingThroughMovement-HealingThroughMovement-HealingThroughMovement-end,51636
October-Facebook-GoldenHippo-VitalReds-GundryVitalRedsLive-end,50593
October-Facebook-GL12-GetLeanin12-GetLeanin12-end,45194
October-Facebook-CuraLife-CuraLife-CuraLifeLOC-end,27723
October-Facebook-GoldenHippo-VitalReds-GundryVitalRedsWebinar-end,18939
October-Facebook-DHS-YogaBurn-YBECom-end,18380
October-Facebook-DHS-YogaBurnBootyChallenge-YBBCFQS-end,16136
October-Facebook-DHS-YogaBurnFree-YBFQS-end,11808
October-Facebook-DHS-MuscleMaximizer-InvestmentsMMII-end,7544
October-Facebook-CuraLife-CuraLife-CuraLifeQS-end,4551
October-Facebook-GoldenHippo-Nucific-Nucific3-end,1034
October-Facebook-GoldenHippo-Footmedix-Footmedix-end,565
October-Taboola-GoldenHippo-Nucific-QualityScoreNucificBioX4SC-end,98359
October-Taboola-GoldenHippo-LectinShield-QualityScoreLectinShieldSC-end,5894
October-Taboola-HealingThroughMovement-HealingThroughMovement-QualityScoreHealingThroughMovementSC-end,1202
October-Taboola-IdealLiving-AquaTru-QualityScoreAquaTruSC-end,1084
October-Taboola-DanetteMay-CacaoBliss-QualityScoreiRiseOrganicsLLCSC-end,196
October-Facebook-GoldenHippo-AdvancedDermalRenewal-BHBLADR-end,
October-Facebook-Envoy-Envoy-DebtReliefCenter.org-end,
October-Facebook-DanetteMay-CacaoBliss-QSDanetteMayCacaoBliss-end,
October-Facebook-DHS-YogaBurnBootyChallenge-YBBCQS-end,
October-Facebook-HealingThroughMovement-HealingThroughMovement-HealingThroughMovement-end,
October-Facebook-GoldenHippo-VitalReds-GundryVitalRedsLive-end,
October-Facebook-GL12-GetLeanin12-GetLeanin12-end,
October-Facebook-CuraLife-CuraLife-CuraLifeLOC-end,
October-Facebook-GoldenHippo-VitalReds-GundryVitalRedsWebinar-end,
October-Facebook-DHS-YogaBurn-YBECom-end,
October-Facebook-DHS-YogaBurnBootyChallenge-YBBCFQS-end,
October-Facebook-DHS-YogaBurnFree-YBFQS-end,
October-Facebook-DHS-MuscleMaximizer-InvestmentsMMII-end,
October-Facebook-CuraLife-CuraLife-CuraLifeQS-end,
October-Facebook-GoldenHippo-Nucific-Nucific3-end,
October-Facebook-GoldenHippo-Footmedix-Footmedix-end,
October-Taboola-GoldenHippo-Nucific-QualityScoreNucificBioX4SC-end,
October-Taboola-GoldenHippo-LectinShield-QualityScoreLectinShieldSC-end,
October-Taboola-HealingThroughMovement-HealingThroughMovement-QualityScoreHealingThroughMovementSC-end,
October-Taboola-IdealLiving-AquaTru-QualityScoreAquaTruSC-end,
October-Taboola-DanetteMay-CacaoBliss-QualityScoreiRiseOrganicsLLCSC-end,
